CHAL0000000007,IDS00014,월간,11,2024-10-25
CHAL0000000008,IDS00002,월간,3,2024-09-28
CHAL0000000009,IDS00007,연간,17,2025-04-01
CHAL0000000010,IDS00019,연간,19,2025-02-15
CHAL0000000011,IDS00033,연간,9,2025-02-25
CHAL0000000012,IDS00017,연간,10,2025-07-14
CHAL0000000013,IDS00044,월간,8,2025-04-06
CHAL0000000014,IDS00044,연간,2,2024-07-22
CHAL0000000015,IDS00035,연간,19,2024-11-02
CHAL0000000016,IDS00004,월간,2,2025-03-16
CHAL0000000017,IDS00015,월간,20,2024-12-04
CHAL0000000018,IDS00040,월간,2,2025-01-07
CHAL0000000020,IDS00023,월간,1,2024-07-22
CHAL0000000021,IDS00036,월간,9,2024-09-13
CHAL0000000022,IDS00009,연간,7,2024-11-15
CHAL0000000023,IDS00028,연간,7,2025-05-12
CHAL0000000024,IDS00001,월간,6,2025-04-18
CHAL0000000025,IDS00010,월간,18,2025-04-10
CHAL0000000026,IDS00009,연간,8,2025-04-02
CHAL0000000027,IDS00042,월간,8,2025-06-27
CHAL0000000028,IDS00036,월간,18,2025-03-10
CHAL0000000029,IDS00050,연간,12,2024-09-27
CHAL0000000030,IDS00013,연간,1,2024-08-25
CHAL0000000031,IDS00003,월간,6,2025-02-26
CHAL0000000032,IDS00030,월간,12,2024-12-15
CHAL0000000033,IDS00025,연간,4,2025-01-25
CHAL0000000034,IDS00041,연간,7,2024-07-15
CHAL0000000035,IDS00011,연간,15,2024-08-31
CHAL0000000036,IDS00047,연간,18,2024-10-08
CHAL0000000037,IDS00045,연간,9,2024-10-01
CHAL0000000038,IDS00044,월간,16,2025-05-18
CHAL0000000039,IDS00049,연간,15,2024-08-24
CHAL0000000040,IDS00034,월간,13,2024-11-21
CHAL0000000041,IDS00044,연간,14,2024-07-13
CHAL0000000042,IDS00003,월간,8,2025-01-10
CHAL0000000043,IDS00009,연간,20,2025-02-17
CHAL0000000044,IDS00043,연간,3,2024-08-05
CHAL0000000045,IDS00024,월간,12,2024-09-02
CHAL0000000046,IDS00046,연간,3,2024-10-06
CHAL0000000047,IDS00043,월간,5,2025-05-22
CHAL0000000048,IDS00031,연간,9,2025-07-07
CHAL0000000049,IDS00041,월간,19,2024-11-06
CHAL0000000050,IDS00037,연간,4,2024-11-18
CHAL00000051,IDS00051,월간,10,2025-07-11
CHAL00000052,IDS00051,연간,20,2025-07-11
CHAL00000052,IDS00056,월간,3,2025-07-11
CHAL00000052,IDS00003,월간,1,2025-07-11
CHAL00000051,IDS00017,월간,10,2025-07-14
